{
  "project_info": {
    "project_number": "73523600611",
    "project_id": "reusingapp-c1109",
    "storage_bucket": "reusingapp-c1109.appspot.com"
  },
  "client": [
    {
      "client_info": {
        "mobilesdk_app_id": "1:73523600611:android:63199b1fe7d907aa7579d6",
        "android_client_info": {
          "package_name": "co.edu.reusingapp"
        }
      },
      "oauth_client": [
        {
          "client_id": "73523600611-b5ta283pt5pmh9u0o3jinqim43u61f6i.apps.googleusercontent.com",
          "client_type": 1,
          "android_info": {
            "package_name": "co.edu.reusingapp",
            "certificate_hash": "d3e65f2b6322c70e97b35c1ee7a2bacbbc3d4671"
          }
        },
        {
          "client_id": "73523600611-ahl1lf355vmrjgbbq42g8o15itjdapr9.apps.googleusercontent.com",
          "client_type": 3
        }
      ],
      "api_key": [
        {
          "current_key": "AIzaSyBXhiTHh_kacHnsLCAryZeI41p7ONFN-xU"
        }
      ],
      "services": {
        "appinvite_service": {
          "other_platform_oauth_client": [
            {
              "client_id": "73523600611-ahl1lf355vmrjgbbq42g8o15itjdapr9.apps.googleusercontent.com",
              "client_type": 3
            }
          ]
        }
      }
    }
  ],
  "configuration_version": "1"
}